<?xml version="1.0" encoding="UTF-8"?>
<project-private xmlns="http://www.netbeans.org/ns/project-private/1">
    <editor-bookmarks xmlns="http://www.netbeans.org/ns/editor-bookmarks/2" lastBookmarkId="0"/>
    <open-files xmlns="http://www.netbeans.org/ns/projectui-open-files/2">
        <group>
            <file>file:/D:/UPN/Semester/semester4/PBO/FP/fpbo/src/main/login.java</file>
            <file>file:/D:/UPN/Semester/semester4/PBO/FP/fpbo/src/main/buatTask.java</file>
            <file>file:/D:/UPN/Semester/semester4/PBO/FP/fpbo/src/main/buatDaftar.java</file>
            <file>file:/D:/UPN/Semester/semester4/PBO/FP/fpbo/src/main/koneksi.java</file>
            <file>file:/D:/UPN/Semester/semester4/PBO/FP/fpbo/src/main/Register.java</file>
            <file>file:/D:/UPN/Semester/semester4/PBO/FP/fpbo/src/main/main.java</file>
            <file>file:/D:/UPN/Semester/semester4/PBO/FP/fpbo/src/main/ubahTask.java</file>
            <file>file:/D:/UPN/Semester/semester4/PBO/FP/fpbo/src/main/mainlama.java</file>
        </group>
    </open-files>
</project-private>
